<?xml version="1.0" encoding="UTF-8"?>
<beans xmlns="http://www.springframework.org/schema/beans"
       xmlns:context="http://www.springframework.org/schema/context"
       xmlns:xsi="http://www.w3.org/2001/XMLSchema-instance"
       xmlns:mvc="http://www.springframework.org/schema/mvc"
       xmlns:aop="http://www.springframework.org/schema/aop"
       xsi:schemaLocation="
   http://www.springframework.org/schema/beans
   http://www.springframework.org/schema/beans/spring-beans-4.0.xsd
   http://www.springframework.org/schema/context
   http://www.springframework.org/schema/context/spring-context-4.0.xsd
   http://www.springframework.org/schema/mvc
   http://www.springframework.org/schema/mvc/spring-mvc-4.0.xsd
   http://www.springframework.org/schema/aop
   http://www.springframework.org/schema/aop/spring-aop-4.3.xsd">

    <!--全局包扫描-->
    <context:component-scan base-package="com.dc.controller,com.dc.base.controller,com.dc.base.aop"></context:component-scan>
    <!--给静态资源放行，加载静态资源，忽略HTML、js、css、image等拦截-->
    <mvc:default-servlet-handler></mvc:default-servlet-handler>
    <!--使用依赖注入等配置信息，启动配置信息的注解模式-->
    <context:annotation-config></context:annotation-config>
    <!--自定义消息转换器的编码,解决后台传输json回前台时，中文乱码问题-->
    <mvc:annotation-driven>
        <mvc:message-converters register-defaults="true">
            <bean class="org.springframework.http.converter.StringHttpMessageConverter" >
                <property name = "supportedMediaTypes">
                    <list>
                        <value>text/html;charset=utf-8</value>
                    </list>
                </property>
            </bean>
        </mvc:message-converters>
    </mvc:annotation-driven>
    <!--把Swagger配置文件类增加sprig容器-->
    <bean class="com.dc.base.config.SwaggerConfig"></bean>
    <!--防止spring拦截swagger接口api-->
    <mvc:resources mapping="/swagger/**" location="/swagger/" />
    <!--Aop注解aspectj-->
    <aop:aspectj-autoproxy proxy-target-class="true"></aop:aspectj-autoproxy>
</beans>